id,first_name,last_name,country,shop_name,total_purchases
1,Cecile,Taudevin,China,"Schneider, Abernathy and Cormier","$12,311.31 "
2,Schuyler,Dorricott,Philippines,Mante-Weber,"$62,473.53 "
3,Andy,Danson,Slovenia,"Sanford, Kuhn and Casper","$67,021.53 "
4,Violette,Mordey,China,,"$89,330.89 "
5,Tore,Ilyasov,Indonesia,"Morissette, Jenkins and Quigley","$30,448.94 "
6,Inger,Syred,Nigeria,Jacobson Group,"$30,413.15 "
7,Cynde,Newberry,Argentina,Nienow and Sons,"$25,700.92 "
8,Regan,Leithgoe,China,Lowe LLC,"$82,172.02 "
9,Padget,Kettlesing,Colombia,"Glover, Wilkinson and Borer","$10,905.33 "
10,Torey,Boyer,Sweden,"Hartmann, Swaniawski and Hodkiewicz","$40,266.82 "
11,Gustav,Newham,China,Greenfelder Inc,"$18,487.27 "
12,Bella,Laye,China,Keeling-Schowalter,"$98,520.60 "
13,Genovera,Timberlake,China,Pfannerstill-Pouros,"$73,955.29 "
14,Garry,Bartalucci,Vietnam,Gibson Group,"$86,400.05 "
15,Margo,Acott,Indonesia,Baumbach-Windler,"$66,727.54 "
16,Yul,Sircombe,Russia,Bradtke-Kihn,"$40,826.78 "
17,Niel,Tallent,China,Murphy-Emard,"$71,294.84 "
18,Korry,Deboick,France,Hessel-Cremin,"$60,749.06 "
19,Marys,Ghiraldi,Venezuela,Harber Group,"$98,007.04 "
20,Vannie,Clowser,China,Glover-Walsh,"$92,592.33 "
21,Dud,Berling,China,Effertz and Sons,"$65,381.37 "
22,Virgil,Fomichyov,Canada,Collier-Streich,"$40,745.36 "
23,Meggie,Northgraves,Brazil,Gislason-Goyette,"$69,131.45 "
24,Casandra,Balfre,Indonesia,Shields-Hansen,"$34,451.87 "
25,Roarke,Pietrasik,Poland,Bradtke Inc,"$57,498.82 "
26,Nilson,O'Hagerty,Indonesia,Koelpin-Rutherford,"$16,074.69 "
27,Aldon,Taft,Thailand,Torphy-Romaguera,"$43,632.56 "
28,Dasya,Esley,Nigeria,"Bernhard, McKenzie and Friesen","$91,565.83 "
29,Tate,Giacomi,China,"Graham, Hagenes and Mohr","$45,864.75 "
30,Chaddie,Kneesha,Indonesia,"Sawayn, Ullrich and Lowe","$31,485.01 "
31,Earvin,Betser,France,"Deckow, Collins and Konopelski","$43,592.44 "
32,Lenci,De Carolis,Indonesia,Zboncak-Luettgen,"$44,327.12 "
33,Ware,Gall,Philippines,Ratke-Yost,"$58,057.82 "
34,Archy,Bolin,Philippines,Harber Group,"$49,020.22 "
35,Maxy,Venning,Italy,Nitzsche Group,"$93,670.09 "
36,Jacques,Tunnadine,Mexico,"Beier, Baumbach and Lynch","$12,649.42 "
37,Casi,Chinery,Brazil,Aufderhar Group,"$62,144.37 "
38,Duffie,Gadson,Czech Republic,Blick LLC,"$66,990.31 "
39,Donnamarie,Branney,Indonesia,"Hodkiewicz, Keebler and Prohaska","$49,274.29 "
40,Randie,Glawsop,Botswana,"Powlowski, Corkery and Luettgen","$89,251.45 "
41,Andrea,Kahler,Vietnam,Veum-Runte,"$27,602.39 "
42,Louis,Ailward,China,Cremin LLC,"$20,263.40 "
43,Brenn,Mundall,Morocco,Kreiger LLC,"$38,537.61 "
44,Carmel,Rodenburgh,Burkina Faso,"Robel, Kling and Buckridge","$68,652.77 "
45,Beryl,Turmell,Portugal,"Spinka, Macejkovic and Emmerich","$70,477.65 "
46,Alberto,Cropper,Indonesia,"Mueller, Zulauf and Effertz","$91,309.42 "
47,Phip,Wonfar,Russia,Wintheiser Inc,"$19,448.38 "
48,Gibby,Hunnicutt,Malaysia,Lang Group,"$39,647.81 "
49,Juieta,Dyott,Russia,"Bergstrom, Schuster and Terry","$89,825.61 "
50,Reagen,Kinvan,New Zealand,Volkman-Purdy,"$46,011.69 "
51,Marybeth,Hawtrey,Brazil,Okuneva and Sons,"$50,709.54 "
52,Susanne,Rodie,New Zealand,"Heaney, Gottlieb and Rohan","$75,287.07 "
53,Jorry,Rankin,Japan,"Hodkiewicz, Weimann and Weimann","$16,454.10 "
54,Olly,Livesley,Pakistan,Quitzon Inc,"$59,744.73 "
55,Buddie,Alexandrescu,Czech Republic,"Satterfield, Dickens and Bauch","$47,287.91 "
56,Thoma,Dinnies,Argentina,Osinski-Bauch,"$22,212.83 "
57,Ashlie,Rabat,Nigeria,Erdman LLC,"$37,918.24 "
58,Delphinia,Morde,Lithuania,Keebler-Kuvalis,"$40,471.42 "
59,Fletch,Hattigan,Tanzania,"Reynolds, Baumbach and Bergnaum","$63,919.71 "
60,Corabelle,Hearse,Philippines,Lynch-Runolfsdottir,"$63,682.28 "
61,Stesha,Daykin,South Korea,,"$87,461.60 "
62,Kinsley,Spurriar,Indonesia,Hahn Inc,"$77,309.97 "
63,Verena,MacCard,Estonia,Pfeffer and Sons,"$46,764.56 "
64,Barri,Piddington,Macedonia,Bashirian-Lockman,"$27,277.83 "
65,Patrice,Castelot,Indonesia,"Langosh, Borer and Bogisich","$56,721.50 "
66,Philomena,Adame,Guatemala,"Murphy, Corwin and Kuhic","$10,100.55 "
67,Shayne,Jickells,Brazil,Vandervort LLC,"$46,064.13 "
68,Gothart,Bewshaw,China,Fadel LLC,"$55,171.32 "
69,Gracie,Ayton,Cameroon,Maggio-Klocko,"$46,319.28 "
70,Cam,Pladen,Finland,Cartwright LLC,"$85,242.31 "
71,Kriste,Huglin,Indonesia,Monahan-Aufderhar,"$28,040.15 "
72,Art,Caldayrou,Sweden,Nicolas Inc,"$53,488.08 "
73,Bridget,Bushrod,Indonesia,Jaskolski-Hettinger,"$27,801.45 "
74,Bernie,Dubose,Indonesia,Hartmann Inc,"$71,281.08 "
75,Andeee,Friskey,China,Stracke LLC,"$12,459.88 "
76,Clerc,Lumbers,Russia,"Murphy, Corwin and Becker","$69,201.69 "
77,Prudence,Crewes,South Africa,Altenwerth-Daniel,"$28,480.09 "
78,Callean,Bennison,Brazil,Heathcote LLC,"$97,154.28 "
79,Theodora,Stollery,China,Kessler-O'Hara,"$86,691.24 "
80,Giusto,Bennedsen,Philippines,Smith LLC,"$50,575.90 "
81,Jone,Ashlee,Iran,Bins-Cronin,"$97,894.22 "
82,Winnah,Riediger,Indonesia,"Buckridge, Mohr and Cassin","$29,133.68 "
83,Marinna,Gooda,Poland,Jakubowski Inc,"$97,218.43 "
84,Irving,Di Claudio,Russia,Konopelski-Halvorson,"$27,181.53 "
85,Almeria,Cleen,Germany,Crona-Morissette,"$85,793.30 "
86,Damita,Merck,Afghanistan,"Boyle, Kling and Ritchie","$12,854.31 "
87,Harmonia,Iannini,Mexico,Greenfelder Inc,"$36,865.42 "
88,Marline,Haddleton,Thailand,Jones-McCullough,"$15,361.09 "
89,Aurelea,McDunlevy,Peru,Fadel-Zboncak,"$80,869.92 "
90,Carrol,Jacobowicz,Russia,"Roberts, Turcotte and Legros","$17,062.01 "
91,Krissy,Gilvear,Nigeria,"Olson, Dibbert and Bayer","$83,154.36 "
92,Vitoria,McOnie,China,Crona Group,"$25,171.79 "
93,Cammi,Ponsford,United States,McGlynn Inc,"$72,503.37 "
94,Jacob,Armsby,China,Koch and Sons,"$13,151.66 "
95,Katrine,Grishkov,Colombia,Reilly LLC,"$32,152.09 "
96,Jobina,Millington,China,Glover Inc,"$30,688.30 "
97,Lammond,Hanaford,Spain,Crona-Lind,"$52,394.35 "
98,Malcolm,Habergham,Kenya,Jakubowski-Turner,"$40,202.25 "
99,Ban,Lowdeane,Indonesia,Jast LLC,"$56,797.20 "
100,Carlynn,Sharnock,Indonesia,"Carter, Littel and Williamson","$52,814.37 "
101,Payton,Lodovichi,Russia,Bednar Inc,"$43,818.62 "
102,Kermit,Busk,Indonesia,Walker-Cormier,"$58,202.15 "
103,Nobe,Burn,Honduras,Pfannerstill-Gutmann,"$49,486.88 "
104,Juliann,Shelsher,China,"Kassulke, Gaylord and Moore","$17,610.60 "
105,Cookie,Boxe,Russia,Johnson LLC,"$94,028.80 "
106,Delphine,Hofner,Afghanistan,,"$33,180.36 "
107,Clim,Sartin,Poland,"Predovic, Ullrich and Boehm","$11,202.17 "
108,Jaquenetta,Andrieux,Kazakhstan,"Gaylord, Okuneva and Wilkinson","$39,064.53 "
109,Candis,Knutton,Ethiopia,"Ratke, Becker and Walsh","$96,830.01 "
110,Judd,Poag,Ukraine,"Fritsch, Olson and Dare","$53,141.81 "
111,Alisha,Ferrelli,Angola,Romaguera Inc,"$42,925.28 "
112,Karel,MacKinnon,Saint Lucia,D'Amore-Harris,"$70,339.42 "
113,Ingrid,Greenmon,Indonesia,Morissette-McKenzie,"$30,369.17 "
114,Byram,Lattimer,Finland,Roob-Marks,"$46,840.76 "
115,Minna,Gartan,Brazil,Heller-Vandervort,"$84,521.41 "
116,Sayers,Raund,Belarus,Hintz-Stoltenberg,"$54,024.49 "
117,Josefa,Pyson,Turkmenistan,Torphy-Mosciski,"$13,982.35 "
118,Butch,Wallhead,Argentina,"Glover, Metz and Gleichner","$66,064.29 "
119,Oberon,Acom,China,Little and Sons,"$68,044.20 "
120,Griffy,Paradise,China,Bartoletti Group,"$92,579.99 "
121,Ossie,Lezemore,Portugal,Kris and Sons,"$25,882.09 "
122,Keene,Lamplough,Morocco,Skiles-Swaniawski,"$65,928.54 "
123,Karmen,Probyn,Brazil,"Runte, McCullough and Champlin","$74,279.58 "
124,Zach,Ponceford,Peru,Kirlin Inc,"$17,241.80 "
125,Brannon,Magarrell,Nicaragua,Ortiz-Brekke,"$48,534.39 "
126,Sibeal,Galbreth,Czech Republic,Reynolds-Greenholt,"$59,982.25 "
127,Marchelle,Olyff,China,"Harber, Schimmel and Little","$73,528.46 "
128,Gherardo,Mozzi,China,Hilll Group,"$84,301.89 "
129,Linnet,Drohan,Indonesia,"Dietrich, Raynor and Hane","$51,997.45 "
130,Armin,Huchot,China,"Weissnat, Howe and Mante","$16,263.52 "
131,Norry,Beale,Peru,Brekke LLC,"$27,400.23 "
132,Nicolle,Ree,China,Mann-Boyle,"$81,218.37 "
133,Renelle,Lackinton,Argentina,,"$26,012.22 "
134,Kliment,Cormode,China,Torp-Bahringer,"$95,095.85 "
135,Anabal,Pilling,Brazil,Durgan-Kunze,"$18,679.50 "
136,Tessie,Besantie,Russia,Hayes Inc,"$55,234.35 "
137,Mylo,Keveren,Ukraine,Hartmann Group,"$54,818.71 "
138,Jaimie,Philbin,Latvia,Pollich-Spinka,"$22,494.94 "
139,Neile,MacKerley,Sweden,"Strosin, Berge and Bailey","$83,326.94 "
140,Rozalin,Clother,Finland,Mertz-Doyle,"$55,946.08 "
141,Davita,Castletine,Poland,Schneider and Sons,"$63,431.88 "
142,Carin,Trowl,Philippines,Johns-King,"$84,986.09 "
143,Clary,Birtle,Cuba,Grimes Inc,"$68,349.61 "
144,Nicholas,Alabastar,Lithuania,Wiegand Group,"$14,411.91 "
145,Forster,Durdle,China,"O'Connell, Watsica and Hills","$87,677.07 "
146,Sally,Tindle,China,"Reilly, Collier and Gulgowski","$10,983.34 "
147,Kitty,Ianiello,Argentina,"Torp, Olson and Ankunding","$78,212.16 "
148,Shae,Brookbank,Tunisia,"Harber, Dach and Hilll","$55,776.01 "
149,Sansone,Taylor,Greece,"Ratke, Daugherty and Reichel","$22,619.87 "
150,Robbert,Spier,Madagascar,Trantow and Sons,"$17,520.08 "
151,Mitzi,Areles,Indonesia,Christiansen-Okuneva,"$98,441.03 "
152,Clem,Jaques,Philippines,Frami Group,"$77,585.16 "
153,Randie,Connal,China,Gerlach Group,"$84,790.66 "
154,Debee,McNeish,Poland,Howell Group,"$69,346.20 "
155,Josephine,Spinige,Brazil,McGlynn LLC,"$38,462.36 "
156,Darin,Jacobsohn,Morocco,Kreiger-Harvey,"$32,472.62 "
157,Humfried,Yushkov,China,"Glover, Willms and Hagenes","$31,853.23 "
158,Lesya,Mixworthy,Russia,Sawayn-Towne,"$80,751.81 "
159,Aleksandr,Jansa,China,Marquardt-Gorczany,"$77,827.59 "
160,Noel,Cumesky,United States,Kunze-Nikolaus,"$92,872.17 "
161,Emelen,Hearl,Finland,Bashirian and Sons,"$77,681.30 "
162,Derwin,Rowler,China,Kling-Friesen,"$35,558.69 "
163,Lura,Antonov,Philippines,"Waters, Nitzsche and Nicolas","$43,289.55 "
164,Ernestine,Filisov,Russia,Satterfield Group,"$76,995.94 "
165,Quentin,Pering,Russia,"Ziemann, Christiansen and Skiles","$26,030.99 "
166,Augy,Benazet,Portugal,Huels LLC,"$22,916.55 "
167,Lonnie,Colrein,Afghanistan,"Fay, DuBuque and Rodriguez","$89,060.45 "
168,Joelle,Guille,Philippines,Jacobi Group,"$84,485.87 "
169,Nicoline,Mellsop,France,Johnston LLC,"$67,254.47 "
170,Gaylord,Yeulet,Indonesia,Schaden LLC,"$88,285.58 "
171,Cary,Comelli,China,"Wisoky, Bogan and Effertz","$27,275.32 "
172,Jemmy,Bagot,China,Nitzsche Inc,"$40,101.58 "
173,Elke,Pawle,Russia,"Bailey, Anderson and Wintheiser","$12,225.58 "
174,Odele,Honeyghan,Portugal,Pacocha Inc,"$45,199.38 "
175,Kordula,MacKaig,Cyprus,"Aufderhar, Sawayn and Kihn","$63,825.72 "
176,Georgi,Salmon,Cambodia,"Lubowitz, Crooks and Schneider","$17,800.99 "
177,Micky,Dannell,Guatemala,Gusikowski-O'Reilly,"$29,720.00 "
178,Nari,Hillitt,Armenia,"Jast, Harber and Ortiz","$64,576.05 "
179,Tobiah,Yurygyn,Indonesia,"McClure, Barton and Hermann","$79,608.29 "
180,Merissa,Novotna,Poland,"Labadie, Hilpert and Hoeger","$88,241.65 "
181,Dori,Lampitt,China,"Kshlerin, Leuschke and Waters","$45,966.32 "
182,Cris,Aksell,Slovenia,Turcotte-Zemlak,"$53,391.89 "
183,Dido,Kochl,Indonesia,Volkman Inc,"$67,781.74 "
184,Averill,Duffield,Sweden,Buckridge-Wyman,"$33,542.92 "
185,Robbi,Cicconetti,Russia,Prohaska-Wisoky,"$48,543.52 "
186,Gil,Liddel,Brazil,"Yost, Nienow and Bechtelar","$31,286.82 "
187,Modestia,Gimenez,Honduras,"Maggio, Haag and Kihn","$80,605.34 "
188,Marna,Heppenspall,China,Lakin and Sons,"$57,742.95 "
189,Ced,MacNess,Brazil,Rosenbaum-Padberg,"$20,572.11 "
190,Kelcie,Liley,France,Larson-Ortiz,"$18,062.69 "
191,Trev,Sutty,Poland,"Hansen, Paucek and Kshlerin","$30,250.99 "
192,Drusie,Petegree,Kenya,McCullough-Glover,"$12,273.57 "
193,Shirley,O'Doghesty,Indonesia,Schultz Inc,"$22,568.87 "
194,Sandy,O'Currigan,United States,"O'Hara, Mayert and Williamson","$55,943.32 "
195,Kaleb,Rogger,Papua New Guinea,"Moen, Treutel and Stamm","$23,378.49 "
196,Lawrence,Ellingham,Portugal,Braun Group,"$89,713.95 "
197,Jenni,Trickey,China,Batz-Reinger,"$75,046.65 "
198,Amata,Maps,Armenia,"Feeney, Bernhard and Boehm","$16,362.79 "
199,Ealasaid,Pfleger,Kazakhstan,Johnson-Altenwerth,"$71,387.25 "
200,Jeni,Willeson,Pakistan,,"$41,768.19 "
201,Kippy,Brozsset,Indonesia,Baumbach Group,"$31,400.06 "
202,Dody,Gilhouley,Indonesia,McClure-Dietrich,"$14,073.37 "
203,Eli,Rohloff,China,Schinner-Swift,"$83,428.59 "
204,Cyrus,Hoyt,China,"Lockman, Waelchi and Denesik","$67,915.09 "
205,Rowena,People,Brazil,Purdy Group,"$22,812.66 "
206,Vladamir,Lilliman,France,Fahey-Lueilwitz,"$13,249.14 "
207,Nadean,Jost,Vietnam,Hermann Inc,"$78,685.68 "
208,Timmie,Defrain,Serbia,Willms and Sons,"$93,367.14 "
209,Germayne,Hulance,Cuba,Schuster-Kuhlman,"$49,201.91 "
210,Kristoffer,Willshear,Czech Republic,"Abshire, Carroll and Gottlieb","$20,779.85 "
211,Wilburt,Peckham,Brazil,Feil and Sons,"$84,159.34 "
212,Inglebert,Pere,China,Breitenberg-Kemmer,"$93,828.52 "
213,Barris,Masse,France,Kozey Inc,"$20,686.40 "
214,Rhiamon,Cosgrove,Nigeria,Olson-Zemlak,"$68,090.78 "
215,Shanta,Harfoot,Sweden,Zemlak-Hand,"$91,374.89 "
216,Patin,Mildner,China,"Wilderman, Champlin and Rowe","$94,790.39 "
217,Becki,Caban,Mexico,Nicolas-Cassin,"$74,230.63 "
218,Loise,Meffin,Albania,Tillman-Nitzsche,"$43,715.09 "
219,Holmes,Taffurelli,Indonesia,"Smith, O'Keefe and Harber","$48,729.68 "
220,Marthe,Ledster,Ukraine,"Bruen, Abernathy and Witting","$57,343.68 "
221,Anabelle,Fawckner,Czech Republic,Klocko-Schoen,"$82,830.03 "
222,Thorpe,Dowdam,Thailand,Erdman Inc,"$17,692.74 "
223,Mariette,Slocom,Paraguay,Lindgren-Boehm,"$52,449.87 "
224,Pietra,Beneze,Haiti,Donnelly Inc,"$17,619.37 "
225,Vivian,Dowsett,Malaysia,Berge-Dooley,"$37,287.37 "
226,Pearl,Glavis,Ukraine,"Ankunding, Wilkinson and Cruickshank","$72,446.32 "
227,Kevon,Alcalde,Sweden,Towne and Sons,"$82,372.35 "
228,Lorita,Turpin,Uganda,"Wehner, Schmeler and Boyle","$63,316.71 "
229,Philomena,Djuricic,Myanmar,"Wyman, O'Connell and Casper","$19,801.04 "
230,Bill,Imort,Poland,Rippin LLC,"$73,978.36 "
231,Byrom,Jiggins,Sweden,Heidenreich LLC,"$94,662.75 "
232,Falito,Coate,China,"Dickinson, Borer and Maggio","$66,801.57 "
233,Lezlie,Drewry,Indonesia,Dach Inc,"$95,160.08 "
234,Adolphe,Waliszewski,Honduras,Shields-Bosco,"$57,899.50 "
235,Tim,Tiffney,Switzerland,Jacobs-DuBuque,"$87,609.69 "
236,Hieronymus,Acom,Indonesia,West-Wisozk,"$21,380.72 "
237,Sheff,Haensel,Nigeria,"Torp, Gulgowski and Harvey","$80,626.11 "
238,Kris,Parnall,Portugal,Romaguera Group,"$67,107.83 "
239,Phip,Jelly,China,Sporer-Zboncak,"$58,683.37 "
240,Tiphanie,Farrall,Syria,Bahringer-Sporer,"$51,071.29 "
241,Teddi,Stroulger,China,Klocko-Bernier,"$92,214.23 "
242,Joeann,Hedger,Colombia,"Jacobs, Becker and O'Connell","$89,185.15 "
243,Susann,Drowsfield,Indonesia,Bechtelar-White,"$64,890.21 "
244,Pietrek,Cussons,United States,"Reichert, Anderson and Erdman","$13,392.53 "
245,Carolina,Sidaway,Sweden,Green Group,"$92,778.44 "
246,Sharlene,Jimson,Mongolia,Block Inc,"$38,244.64 "
247,Aubrey,Richardsson,Poland,"Donnelly, Dooley and Wilderman","$56,441.02 "
248,Levin,Klainman,Argentina,Boyer Group,"$68,230.79 "
249,Ros,Abramamovh,Russia,Torp LLC,"$16,380.42 "
250,Stephine,Baudone,Indonesia,Robel-Johnston,"$82,903.40 "
251,Yoshiko,Fobidge,Botswana,Kuvalis-Boehm,"$95,413.20 "
252,Eberhard,Paulat,Belize,Nader-Haag,"$82,199.46 "
253,Kean,Cherry,Sweden,"Greenholt, Herzog and Fritsch","$36,410.18 "
254,Janaya,McGilvary,Mexico,"Shanahan, Moore and Hansen","$97,085.88 "
255,Fred,Loweth,Indonesia,"Heathcote, O'Hara and Nitzsche","$63,496.90 "
256,Collen,Gossipin,Portugal,Crona Group,"$55,513.86 "
257,Morse,Breslau,Poland,Kuvalis and Sons,"$94,724.25 "
258,Coretta,Mityashin,China,Champlin Group,"$52,044.94 "
259,Orbadiah,Hugk,Liberia,"Konopelski, Beahan and Botsford","$74,806.84 "
260,Minni,Cawsey,Portugal,"Bailey, Quitzon and Ebert","$45,148.68 "
261,Malynda,Durram,Chile,Rau and Sons,"$72,916.70 "
262,Netta,Martins,China,"Lang, Langosh and Beahan","$80,290.17 "
263,Audi,Giscken,Portugal,Miller-Cassin,"$95,129.17 "
264,Ephrayim,Goodison,China,Bradtke Inc,"$26,465.02 "
265,Mikael,Issacson,Russia,Stracke-Steuber,"$49,388.86 "
266,Tracey,O'Neary,China,Flatley-Hane,"$71,517.55 "
267,Teresina,Tourmell,United States,Ward Group,"$62,485.51 "
268,Biddie,Benard,Brazil,Renner-Walker,"$45,446.16 "
269,Maurise,Clipston,United States,"Carroll, Mayer and Batz","$78,944.10 "
270,Brendin,Liggins,China,"Carter, Lueilwitz and Russel","$70,126.79 "
271,Nial,Antonowicz,Indonesia,"Macejkovic, Hane and Goyette","$26,475.39 "
272,Ania,Pavinese,Serbia,"Parisian, Mertz and McLaughlin","$95,415.45 "
273,Barret,Ivanitsa,Malaysia,Christiansen and Sons,"$73,050.97 "
274,Tod,Le Conte,China,Blanda-Hagenes,"$67,667.15 "
275,Terrie,Klain,Brazil,O'Hara Group,"$12,944.54 "
276,Egon,Woodyer,Philippines,Hagenes Group,"$98,546.84 "
277,Faulkner,Cobleigh,Brazil,Schmidt-Hermann,"$65,301.32 "
278,Adan,Dubble,Portugal,Oberbrunner-Nienow,"$67,188.04 "
279,Giovanna,Hains,Nigeria,Boyer-Collins,"$98,926.26 "
280,Bud,Tommen,Palestinian Territory,McGlynn-Lowe,"$90,171.90 "
281,Candi,Smeed,China,Ebert-Renner,"$87,666.35 "
282,Jeth,Coomer,Nigeria,Gerlach Inc,"$97,001.29 "
283,Dela,Westmore,Malaysia,Mosciski and Sons,"$19,119.58 "
284,Theodor,Cattel,China,Feeney-Johns,"$93,969.47 "
285,Christie,Rozea,Brazil,VonRueden Group,"$57,737.09 "
286,Adrien,Brumfitt,Indonesia,Lebsack and Sons,"$20,937.86 "
287,Anjela,Wensley,Portugal,Dare Group,"$71,921.98 "
288,Tamarra,Turfs,Indonesia,"Lebsack, Heidenreich and Ullrich","$54,179.28 "
289,Zonnya,Gemlett,Sweden,"Schowalter, Champlin and Heathcote","$23,985.10 "
290,Roderic,Flancinbaum,China,Hessel Group,"$16,641.44 "
291,Fonz,Stihl,France,King and Sons,"$43,460.13 "
292,Thadeus,Bangham,China,Botsford Inc,"$45,901.53 "
293,Gladi,Jorczyk,Greece,Predovic Inc,"$19,775.88 "
294,Nolan,Kliesl,Russia,Paucek Group,"$52,519.30 "
295,Cecile,Ccomini,Indonesia,Swift-Senger,"$40,658.11 "
296,Chantal,Whorton,China,Gleichner and Sons,"$84,359.80 "
297,Hurleigh,Olle,Poland,Langworth-O'Connell,"$88,972.95 "
298,Ragnar,Grealish,China,Nienow-Steuber,"$58,863.57 "
299,Mason,Brady,Maldives,Ratke Inc,"$64,457.41 "
300,Sarita,Kiffin,Brazil,Gorczany LLC,"$51,614.14 "
301,Glenden,Denington,China,"Stracke, Hand and Monahan","$98,548.13 "
302,Sonya,Loveguard,Colombia,VonRueden-Gerlach,"$68,410.24 "
303,Thomasine,Allans,Russia,"Rau, Dach and Fritsch","$36,200.46 "
304,Amalea,Vasenkov,Indonesia,"Heaney, Cruickshank and Langworth","$35,706.40 "
305,Crosby,Shird,Poland,Abshire-Bruen,"$73,885.64 "
306,Francyne,Botley,China,"Bernhard, Cartwright and Schowalter","$72,539.02 "
307,Sol,Mecco,France,Littel and Sons,"$58,740.26 "
308,Darcee,Gerant,Russia,"Kuvalis, Grimes and Rodriguez","$45,650.93 "
309,Jon,Skaid,France,"Gleason, Upton and Beahan","$30,337.21 "
310,Melinde,Sartain,Brazil,Grant-Greenfelder,"$63,781.34 "
311,Laurence,Ionnisian,France,Greenfelder Group,"$33,025.38 "
312,Leslie,Foxon,Tanzania,Ortiz Group,"$61,012.40 "
313,Hobard,Goard,Russia,Lakin Inc,"$68,192.25 "
314,Zarla,Tripe,Guatemala,Vandervort Group,"$85,237.49 "
315,Armin,Rayhill,Malaysia,Kautzer and Sons,"$93,706.75 "
316,Pierre,Gwillym,Brazil,Ziemann-Vandervort,"$42,976.87 "
317,Rory,Mattam,Colombia,Rutherford and Sons,"$60,569.92 "
318,Jacqueline,Moughtin,Indonesia,Okuneva-Breitenberg,"$40,490.82 "
319,Jillie,Andryunin,China,Langosh Group,"$90,746.92 "
320,Granny,Goodwins,Indonesia,"Sawayn, Konopelski and Dickens","$91,238.56 "
321,Wilfred,Hehnke,Brazil,Mante and Sons,"$66,595.84 "
322,Pippo,Dumphrey,China,Kessler-Murphy,"$77,407.97 "
323,Ashly,Simo,Indonesia,Fahey and Sons,"$26,386.74 "
324,Erl,Ahern,Sudan,Gottlieb-Hamill,"$36,113.95 "
325,Engracia,Tambling,China,Wunsch-Weimann,"$24,678.97 "
326,Correy,Chastan,Zimbabwe,Sipes and Sons,"$25,360.74 "
327,Haley,Boraston,Mexico,Gutkowski-Larson,"$21,393.49 "
328,Manuel,Clemencon,Brazil,Morar LLC,"$57,634.91 "
329,Dominique,Kennelly,Russia,Mohr LLC,"$74,309.57 "
330,Shandeigh,Hails,Russia,Vandervort-Kohler,"$22,692.75 "
331,Linn,Wye,Russia,Boyer LLC,"$22,748.63 "
332,Eachelle,Ollin,China,Hermann Inc,"$12,596.12 "
333,Andreana,Grishanin,Brazil,Jacobi-Cummings,"$95,109.17 "
334,Clemens,Dantesia,Yemen,Turner-Hilll,"$35,413.28 "
335,Ethelda,Eacott,Brazil,Jakubowski Group,"$66,447.75 "
336,Angelique,Sloam,Malaysia,"Nikolaus, Runte and Yundt","$87,801.98 "
337,Lazare,Yeaman,Poland,Kessler-Hyatt,"$15,348.90 "
338,Theadora,Jaher,Philippines,"Sauer, Schaden and Turner","$90,035.81 "
339,Joly,Fishley,China,"Kuhlman, Cormier and Jakubowski","$91,245.55 "
340,Etienne,Caves,United States,Bailey-Flatley,"$97,938.55 "
341,Aundrea,Glossup,China,Reynolds Inc,"$25,063.00 "
342,Porty,Walczynski,Morocco,"Wiegand, Simonis and Hauck","$34,636.78 "
343,Cyndia,Fisbey,Gambia,Roberts-Stamm,"$74,363.97 "
344,Raychel,Inmett,China,Bartell-Runolfsdottir,"$46,680.69 "
345,Ebenezer,Slader,Venezuela,Bartell Group,"$40,075.47 "
346,Kathryn,Stivers,Poland,Mitchell Group,"$10,684.25 "
347,Kendell,Keedwell,Cameroon,Klocko-D'Amore,"$61,925.56 "
348,Genevieve,Buttle,Macedonia,Howe and Sons,"$38,089.96 "
349,Guillermo,Goscar,Indonesia,Lindgren-Swift,"$81,237.05 "
350,Renae,Nutt,Argentina,Stamm Group,"$91,489.73 "
351,Seka,Ferrara,Sweden,Jenkins-Schmitt,"$79,376.73 "
352,Merrick,Rapsey,China,,"$26,749.33 "
353,Dell,Zanetto,Indonesia,"D'Amore, MacGyver and Renner","$50,141.04 "
354,Allsun,Alessandrelli,Panama,Hegmann-Jones,"$25,020.32 "
355,Rolf,Tewkesberrie,Japan,"Strosin, Lebsack and Sauer","$25,295.26 "
356,George,Maddicks,Japan,Cartwright-Stamm,"$76,527.48 "
357,Leopold,Tills,Vietnam,"Quigley, Pacocha and Stracke","$47,413.87 "
358,Anatol,Serfati,China,Kunze-Russel,"$29,296.45 "
359,Genny,Bisacre,Poland,Kozey-Davis,"$29,139.73 "
360,Corly,Brient,Ireland,Frami Group,"$48,314.24 "
361,Sanford,Brodeau,Indonesia,"Collier, Boyer and Pfeffer","$74,670.83 "
362,Isak,Lerwell,Indonesia,Wilderman-Murphy,"$28,176.11 "
363,Penelope,Jilliss,Indonesia,"Rogahn, Braun and Sawayn","$70,884.12 "
364,Ellsworth,Bozward,Kyrgyzstan,"Abshire, Mertz and Leuschke","$16,755.03 "
365,Maddie,Rutherford,Czech Republic,Gleichner-Kertzmann,"$42,636.57 "
366,Danya,Gaitley,Portugal,"Gerhold, Shields and Koss","$24,537.22 "
367,Gerianna,Ilyas,China,"Wilkinson, Satterfield and Schaden","$78,037.50 "
368,Webster,Pepis,Brazil,"McDermott, Volkman and Hilll","$10,991.40 "
369,Rod,Ixor,Kazakhstan,"Olson, Schowalter and Hilpert","$82,441.24 "
370,Dominick,Faust,Portugal,"Schaefer, Stoltenberg and Lubowitz","$95,788.07 "
371,Briggs,Secombe,Russia,"Roob, Rodriguez and Hintz","$19,787.11 "
372,Weylin,Darycott,Afghanistan,Ullrich Group,"$16,884.18 "
373,Ted,Baythrop,Brazil,"Reilly, Kunze and Dibbert","$72,268.06 "
374,Daryl,Miettinen,Indonesia,Rempel-Hoppe,"$79,356.77 "
375,Raychel,Bewshire,Sweden,Stiedemann-Durgan,"$77,784.70 "
376,Julianna,Seggie,Tunisia,O'Hara LLC,"$78,335.11 "
377,Ansel,Tippler,Albania,Harris and Sons,"$24,841.30 "
378,Barr,Gowry,China,"Moore, Sanford and Rutherford","$37,047.23 "
379,Buddie,Esposito,China,Hackett-Marks,"$45,367.08 "
380,Doralynn,Bolus,China,"Feeney, West and Altenwerth","$35,563.64 "
381,Judith,Palmer,Botswana,"Waelchi, Berge and Kulas","$30,461.94 "
382,Merrilee,Owens,Canada,"Boehm, Bernhard and Hoppe","$50,051.49 "
383,Verge,Mathy,Morocco,"Predovic, Hudson and Tillman","$66,249.67 "
384,Mia,Colt,United States,Flatley-McDermott,"$17,629.71 "
385,Janeva,Unthank,Chile,Beatty-Bailey,"$38,176.21 "
386,Leonore,Murfill,Ireland,"Beer, Runolfsson and Hickle","$11,718.71 "
387,Herve,Carus,United States,Lemke Inc,"$51,120.05 "
388,Maxi,Wethey,China,"Erdman, Koss and Pacocha","$67,855.70 "
389,Frederik,Holsall,France,"O'Kon, Kerluke and McClure","$17,048.21 "
390,Zilvia,Pawellek,Israel,Klein Inc,"$67,350.10 "
391,Gannie,Fraczek,Poland,,"$36,512.51 "
392,Brittni,Scahill,China,"Larkin, Emard and Murphy","$49,955.17 "
393,Justin,Gheraldi,China,Kulas-Tillman,"$79,020.20 "
394,Gail,Cahalan,China,Cummerata LLC,"$70,107.48 "
395,Henriette,Worboy,Thailand,"Fisher, Hayes and Swift","$50,124.19 "
396,Ogdan,Heberden,Poland,"Herzog, VonRueden and Quigley","$38,546.95 "
397,Alyssa,Nisby,Peru,Boyer LLC,"$40,122.27 "
398,Alfonso,Camerello,South Africa,Boyer-Cummings,"$73,101.40 "
399,Stu,Brideoke,Paraguay,White Inc,"$67,395.58 "
400,Jorry,Perrelli,Poland,Cummings Inc,"$23,076.03 "
401,Vasili,Cuddihy,Uzbekistan,Grimes and Sons,"$49,616.38 "
402,Dorey,Severwright,South Africa,Wilkinson-Nader,"$46,588.87 "
403,Kahlil,Pillifant,Indonesia,"Lemke, Fritsch and Lebsack","$22,033.03 "
404,Glynis,Ainsby,Colombia,"Mayert, Bechtelar and Boehm","$99,980.90 "
405,Obadiah,Abdie,Philippines,Upton-Jakubowski,"$26,094.05 "
406,Cindee,Laister,Thailand,Walker-Hintz,"$43,819.03 "
407,Damara,Dionisii,China,Boehm-Lehner,"$63,740.24 "
408,Skell,Pendock,Iraq,Collier Inc,"$43,301.20 "
409,Kylila,Eburne,Indonesia,Robel Group,"$34,884.35 "
410,Justin,Rosario,Greece,"Nikolaus, Daugherty and Heller","$96,588.26 "
411,Sonnie,Corah,Lebanon,"Mante, Friesen and Herman","$81,293.74 "
412,Ferdie,Desborough,Peru,Ruecker-Gibson,"$13,941.41 "
413,Kris,Every,France,Weimann Inc,"$44,633.53 "
414,Esmaria,Ferrara,China,Kertzmann Inc,"$18,716.21 "
415,Cindie,Ipgrave,Uzbekistan,"Nienow, Crona and Quigley","$52,441.79 "
416,Ab,Attock,China,Pfeffer Inc,"$22,686.88 "
417,Nobie,Jenkins,Ireland,Goldner LLC,"$17,826.62 "
418,Orbadiah,Diver,Nigeria,Watsica and Sons,"$77,131.20 "
419,Hynda,Curzey,China,Leffler LLC,"$72,739.69 "
420,Raynor,Feria,Brazil,"Hartmann, Anderson and Quitzon","$67,109.37 "
421,Adolf,Cockrill,China,Little Inc,"$97,918.09 "
422,Petunia,Gerrens,Indonesia,O'Hara and Sons,"$60,679.51 "
423,Gerhardine,McHan,Indonesia,"Okuneva, Luettgen and Langworth","$71,088.83 "
424,Urban,Chafer,France,"Willms, Shields and Barrows","$43,825.13 "
425,Rica,Ketton,Poland,Abernathy-Simonis,"$42,726.76 "
426,Retha,Dedrick,Poland,"Roberts, Johnson and Mills","$95,614.64 "
427,Laraine,Langcaster,China,"Parisian, Sanford and Barrows","$71,117.99 "
428,Bobina,Ramsdell,China,Ruecker-Gaylord,"$77,614.47 "
429,Jedediah,Johanning,China,Goldner and Sons,"$20,752.33 "
430,Aubrette,Milner,China,"Predovic, Crona and Wuckert","$81,135.78 "
431,Dudley,Oxborrow,Panama,Upton LLC,"$99,576.00 "
432,Mignon,Chater,China,DuBuque-Cummerata,"$42,154.64 "
433,Gauthier,Asals,Portugal,Waelchi and Sons,"$28,932.76 "
434,Gianina,Doggrell,Czech Republic,Cremin Inc,"$48,953.02 "
435,Anet,Celloni,China,Nader Inc,"$87,439.04 "
436,Misti,Titmus,China,Wintheiser Group,"$59,433.04 "
437,Elliot,Baraja,Gambia,Torphy Inc,"$78,122.97 "
438,Curt,Amsden,Indonesia,Wiza Inc,"$56,096.97 "
439,Sydney,Moseby,Norway,Quigley LLC,"$54,065.36 "
440,Meredithe,Sicely,China,O'Hara Group,"$59,134.15 "
441,Fancy,Bille,Denmark,Morar Group,"$60,307.17 "
442,Bancroft,McNeillie,Poland,Reichel-Wehner,"$43,017.41 "
443,Adriaens,Gerardi,Spain,Dickinson-Nitzsche,"$47,353.27 "
444,Bell,Jenkison,Nigeria,Brekke and Sons,"$78,820.75 "
445,Abner,Vile,Argentina,,"$12,309.42 "
446,Dolf,Ware,Trinidad and Tobago,Morar Inc,"$50,988.56 "
447,Fidole,McGifford,China,Weissnat and Sons,"$14,283.74 "
448,Verne,Dorward,Sweden,Hermiston-Schaden,"$11,951.17 "
449,Travers,Geockle,Canada,Anderson-O'Connell,"$54,199.14 "
450,Bevin,Mabbott,China,"Runte, Abbott and Rice","$98,973.87 "
451,Traver,Borg,Vietnam,"Ryan, Zboncak and Dickens","$21,249.42 "
452,Dallis,Gye,Sweden,Hessel-Ankunding,"$74,018.75 "
453,Garrick,Prettyjohns,China,"Borer, Becker and Pagac","$80,954.79 "
454,Townie,Siddons,Philippines,"Adams, Bashirian and Gislason","$35,724.06 "
455,Haven,Sterman,Czech Republic,Lockman LLC,"$45,452.32 "
456,Thedric,Pettiford,Pakistan,Collins-Stroman,"$78,092.36 "
457,Gay,Tabbernor,China,Doyle Group,"$36,528.63 "
458,Cathie,Paraman,Russia,Kling Inc,"$19,907.43 "
459,Ernie,Minihan,Indonesia,"Bartell, Abbott and Shanahan","$61,883.49 "
460,Vassily,Juggins,Jamaica,"Lakin, Hammes and Pfannerstill","$93,597.19 "
461,Sisile,Gosland,Dominican Republic,Parker-McCullough,"$36,988.24 "
462,Tami,Staniford,Liechtenstein,"Zemlak, Anderson and Jast","$54,919.40 "
463,Danna,Toogood,Russia,"Hessel, Lakin and Cartwright","$51,364.32 "
464,Julissa,Biasetti,Greece,Bednar LLC,"$71,367.70 "
465,Ferne,Rakes,Denmark,Kuvalis and Sons,"$64,567.12 "
466,Tom,Humbles,France,Conn and Sons,"$99,290.28 "
467,Rosetta,Grimbaldeston,Guatemala,Bins LLC,"$66,425.44 "
468,Ardyth,Willder,Czech Republic,Johns LLC,"$94,437.50 "
469,Irita,Kelshaw,China,Nader-Jast,"$22,028.45 "
470,Cinda,Haily,China,Sporer Inc,"$56,312.42 "
471,Arvy,Field,Japan,Ebert-DuBuque,"$96,123.77 "
472,Arlinda,McCreadie,Russia,Schaefer-Graham,"$94,177.21 "
473,Guinevere,Eyckelberg,Japan,"Hagenes, Jast and Effertz","$34,929.60 "
474,Ellyn,Chittey,Sweden,Satterfield and Sons,"$52,673.18 "
475,Del,Woodward,Madagascar,Pollich Group,"$73,138.95 "
476,Brigham,Ledingham,China,Hoeger and Sons,"$90,218.77 "
477,Shir,Greedyer,Myanmar,Howell Inc,"$77,604.44 "
478,Terence,Wildbore,Brazil,Crona-Langworth,"$13,119.74 "
479,Blair,Felderer,Uruguay,"Halvorson, Dickens and Schinner","$49,502.78 "
480,Opal,Quigg,Russia,Schowalter-Daugherty,"$72,149.07 "
481,Harri,Scala,Nigeria,Schmitt-Frami,"$87,543.16 "
482,Romona,Aizikowitz,Brazil,Williamson-Reynolds,"$59,429.00 "
483,Tyrone,Wraith,Kazakhstan,"Boyle, Frami and Walsh","$73,570.27 "
484,Cathi,Coolbear,Indonesia,"Wehner, VonRueden and D'Amore","$27,670.97 "
485,Lida,Preddle,China,Heidenreich-Zboncak,"$26,686.48 "
486,Kory,Dooler,China,"Torphy, Aufderhar and Cormier","$43,357.96 "
487,Wilhelm,Boddie,Philippines,Hickle LLC,"$11,285.25 "
488,Read,Jefford,Portugal,"Hane, Robel and Smith","$91,027.87 "
489,Dareen,Treven,Australia,"Torp, O'Connell and Heidenreich","$86,161.47 "
490,Burke,Fontaine,Russia,"Sauer, Glover and Bode","$65,850.47 "
491,Nell,Coldrick,Indonesia,Waelchi-Bosco,"$98,974.34 "
492,Cam,Guislin,China,Sanford LLC,"$80,449.90 "
493,Sibylle,Becraft,United Kingdom,Weissnat Inc,"$42,902.88 "
494,Pembroke,Wittrington,Peru,"Von, Pagac and Kautzer","$98,364.34 "
495,Verla,Columbell,China,"Weber, Nitzsche and Weber","$64,110.96 "
496,Gustavus,Kubacki,Indonesia,Jakubowski-Kihn,"$25,166.33 "
497,Lorianna,Brisbane,Philippines,"Bruen, Kuhic and Denesik","$95,408.75 "
498,Sallie,McSwan,Philippines,Hoppe LLC,"$74,835.48 "
499,Geri,Treher,Bahamas,Huel LLC,"$86,493.82 "
500,Barby,Franschini,Panama,Zemlak-Kautzer,"$50,386.66 "
501,Laurene,Tarbatt,Japan,"Wolf, Barton and Goyette","$45,790.43 "
502,Rochella,Paradine,Ukraine,Zieme and Sons,"$84,297.30 "
503,Adrianna,Reims,Philippines,Dickens LLC,"$94,044.81 "
504,Jewel,Van Daalen,China,Schulist and Sons,"$97,889.67 "
505,Osbourn,Scranedge,Poland,"Lubowitz, Sawayn and Boehm","$58,774.94 "
506,Stefanie,Bidewel,China,Lakin and Sons,"$26,132.98 "
507,Lynsey,Bannister,China,Gulgowski-Schuppe,"$11,950.26 "
508,Ingunna,Schmidt,Myanmar,Pouros and Sons,"$98,128.43 "
509,Garner,Spriggin,China,Reichel Group,"$46,282.60 "
510,Mathew,Beavers,Bulgaria,"Cummings, Beer and Shields","$48,971.15 "
511,Lib,Langmaid,Thailand,Stanton-Metz,"$80,103.99 "
512,Corliss,Kuhnwald,Sweden,"Schultz, Moen and Langworth","$89,207.98 "
513,Moselle,Maidment,Thailand,"Medhurst, Hudson and Daniel","$91,245.48 "
514,Dollie,Quilty,China,"Turcotte, Shields and Grimes","$33,157.48 "
515,Lee,Harms,Poland,"O'Connell, Hayes and Erdman","$78,248.17 "
516,Boyd,Vasilechko,Moldova,"Mitchell, Fritsch and Kshlerin","$30,570.66 "
517,Beatrice,Bielby,China,"Hansen, Mills and Lemke","$10,862.25 "
518,Dacy,Ledward,China,Olson-Ortiz,"$88,768.79 "
519,Kora,Seelbach,Bangladesh,Stoltenberg LLC,"$21,673.33 "
520,Blondie,Mazella,Chile,"Waelchi, Gleichner and Von","$73,361.06 "
521,Cybill,Mebs,Kazakhstan,Lang-Collins,"$24,750.38 "
522,Katharina,Stelljes,Portugal,Hermiston-Hegmann,"$89,479.92 "
523,Cordy,Yerrington,Kuwait,"O'Connell, Stracke and Kris","$82,100.71 "
524,June,Brafield,China,Wiza LLC,"$62,650.09 "
525,Diandra,Fumagalli,Slovenia,"Robel, Lowe and Ullrich","$25,324.68 "
526,Hewet,Diem,Poland,Leuschke LLC,"$57,614.70 "
527,Violetta,Ragdale,Indonesia,"Moen, Weber and Lynch","$99,990.28 "
528,Dwight,Gero,China,"Wolf, Grady and Stoltenberg","$84,127.67 "
529,Germain,Costy,China,Graham LLC,"$16,540.13 "
530,Ailbert,Ratray,Philippines,Lynch-Hand,"$63,360.56 "
531,Ariel,Glossop,France,Franecki and Sons,"$77,362.90 "
532,Izaak,Berntsson,Kazakhstan,Lang-Volkman,"$13,275.21 "
533,Griswold,Avent,France,Roberts-Wisozk,"$11,923.62 "
534,Westbrooke,Kaas,China,Hessel-Homenick,"$66,275.24 "
535,Marney,Jossel,Portugal,"Krajcik, Rippin and Lockman","$73,815.54 "
536,Charil,Grebert,Philippines,Bergstrom Group,"$42,258.04 "
537,Grantham,O'Shavlan,United States,Senger LLC,"$81,244.61 "
538,Bobina,Miskin,Japan,Kshlerin-Romaguera,"$28,968.54 "
539,Roana,Trippick,Indonesia,Dickinson Inc,"$83,724.42 "
540,Dewey,Kisbey,Brazil,Parker Group,"$80,046.42 "
541,Owen,Overill,Indonesia,Wyman Inc,"$32,109.44 "
542,Alessandro,Penny,Indonesia,"Powlowski, Casper and Gusikowski","$16,339.37 "
543,Codie,Sevior,Guatemala,Bradtke-Hammes,"$90,682.57 "
544,Shaughn,Jonas,Netherlands,Satterfield Inc,"$24,303.30 "
545,Bernadina,Rupert,Czech Republic,Goldner and Sons,"$48,373.56 "
546,Sharline,Petrolli,Thailand,"Connelly, Kuvalis and Hegmann","$82,672.50 "
547,Catarina,Prin,China,Boyle-Bode,"$47,565.17 "
548,Bette-ann,Clampe,Indonesia,Reichert-Mayert,"$60,360.15 "
549,Demetri,Skirrow,Indonesia,Runolfsdottir-Thompson,"$87,788.97 "
550,Wilma,Ghione,China,Sauer LLC,"$72,628.69 "
551,Elsey,Nellen,Russia,Keebler and Sons,"$97,013.31 "
552,Alexine,Lambourne,Sierra Leone,"Bergnaum, Dooley and Yundt","$51,275.23 "
553,Joete,Esherwood,Syria,"Davis, Swaniawski and Beer","$58,348.14 "
554,Halie,Collens,China,"Howell, Okuneva and Cronin","$59,325.50 "
555,Muffin,Dine-Hart,Poland,Botsford-McDermott,"$51,118.09 "
556,L;urette,Stoak,Zambia,"Lindgren, Collins and Purdy","$18,926.18 "
557,Farley,Elnough,Pakistan,Fritsch and Sons,"$10,160.74 "
558,Brett,Dorkins,China,Roberts Group,"$81,792.88 "
559,Tymon,Karel,Brazil,Krajcik-Blanda,"$43,726.60 "
560,Karylin,Plaistowe,Somalia,Sanford and Sons,"$65,210.46 "
561,Parsifal,Meakes,Indonesia,"Prohaska, Hansen and Feeney","$19,620.74 "
562,Hermy,Cross,China,Bins-Purdy,"$86,776.31 "
563,Romeo,Perez,China,Deckow and Sons,"$88,268.14 "
564,Odella,Demschke,China,"Mraz, Wintheiser and Sauer","$83,305.05 "
565,Angeline,Rae,Ireland,Hirthe and Sons,"$82,378.31 "
566,Joya,Venneur,Philippines,Pouros Group,"$57,547.45 "
567,Shanie,Gonthier,Finland,Johnson LLC,"$27,693.22 "
568,Beverley,Prendeville,Russia,Senger LLC,"$91,675.57 "
569,Shelia,Ivashechkin,Indonesia,Sporer-Roob,"$18,598.08 "
570,Wheeler,Iacovelli,China,Harris-Bogan,"$54,484.85 "
571,Bastien,Alekhov,Brazil,"Keeling, Bradtke and Fisher","$60,972.61 "
572,Farra,Weild,Slovenia,"Heaney, Hand and Kilback","$14,796.81 "
573,Gavin,Colkett,Indonesia,"Brekke, Larson and Tremblay","$13,609.58 "
574,Nanette,McBlain,Greece,Cummerata-Gottlieb,"$84,245.99 "
575,Catharine,Throughton,Indonesia,"Boyer, Labadie and Hills","$75,175.46 "
576,Zaccaria,Bessell,China,Kihn Group,"$54,348.23 "
577,Sisile,Poulsen,United Kingdom,"Kutch, Hahn and Cremin","$58,529.53 "
578,Demetra,Kuschel,Mexico,Johns-Okuneva,"$54,873.13 "
579,Brandais,Fields,Indonesia,Stiedemann-Funk,"$93,755.73 "
580,Modestine,Coytes,Armenia,Reinger and Sons,"$74,461.64 "
581,Analise,Vido,Palestinian Territory,Zieme Group,"$45,763.58 "
582,Sawyere,Gunson,China,O'Conner LLC,"$59,180.65 "
583,West,Hallett,Uganda,Crist LLC,"$12,486.39 "
584,Marsha,Westbury,Sweden,Crooks-Armstrong,"$24,422.98 "
585,Wandie,MacDowal,Indonesia,Wisozk-Corkery,"$74,855.91 "
586,Dorette,Landeaux,Morocco,Legros-Kassulke,"$66,827.47 "
587,Otha,Kobsch,China,Wiegand-Herman,"$94,546.99 "
588,Anthia,de Pinna,Guatemala,"Spencer, McClure and Gusikowski","$66,322.58 "
589,Arri,Cornew,Portugal,"Ratke, Mills and Weber","$41,920.18 "
590,Devonna,Firmin,Colombia,"Rippin, Baumbach and Greenholt","$31,626.04 "
591,Hugibert,Francie,Panama,"Torp, Lemke and Christiansen","$41,965.59 "
592,Clarice,Lowdeane,Portugal,Hyatt and Sons,"$79,970.98 "
593,Almeta,Flipsen,Russia,Wolf-Mueller,"$36,804.04 "
594,Mildred,Burden,Portugal,"Runte, Parker and Barrows","$39,418.47 "
595,Abelard,Kraft,China,Konopelski-Bartell,"$99,404.21 "
596,Clare,Helstrip,China,Larkin-Reynolds,"$36,826.05 "
597,Hortense,Barrabeale,China,"Stoltenberg, Wuckert and Quigley","$85,811.63 "
598,Donny,Lovejoy,Chile,"Nolan, Fahey and Dooley","$45,677.97 "
599,Devora,Haliburton,Nigeria,Murphy and Sons,"$92,799.39 "
600,Meggie,Elstone,Botswana,Rodriguez and Sons,"$56,827.56 "
601,Derk,Fernez,Grenada,Langworth LLC,"$91,691.13 "
602,Grady,Kiddle,Tanzania,Haley Inc,"$37,091.13 "
603,Marcel,Gossage,China,Kiehn Group,"$55,663.80 "
604,Clarice,Baswall,Indonesia,Leuschke Group,"$63,357.23 "
605,Mariele,Renhard,Ecuador,"Heathcote, O'Keefe and Wunsch","$33,654.05 "
606,Beret,Terne,China,Sporer-Kunze,"$72,046.65 "
607,Gayle,Wanne,Mayotte,Lubowitz LLC,"$94,800.22 "
608,Rafi,Frampton,Indonesia,"Cummings, Morar and Reichert","$11,709.88 "
609,Tod,Farquar,United States,Dooley Group,"$33,651.79 "
610,Sheryl,Woodrow,Brazil,"Hoeger, Connelly and Jerde","$74,964.04 "
611,Tiler,Langdale,Yemen,Kuhic Inc,"$59,636.63 "
612,Marlo,Denness,China,Mraz-Mosciski,"$24,929.92 "
613,Sianna,Stocky,Russia,Bechtelar-Cummings,"$69,977.97 "
614,Katlin,Owbridge,Bolivia,"Streich, O'Reilly and Upton","$47,220.98 "
615,Shepherd,Matiewe,China,Gleichner-Abshire,"$71,689.74 "
616,Obie,Quinnette,Indonesia,MacGyver Inc,"$68,938.46 "
617,Bliss,Meric,Russia,"Jakubowski, Tremblay and Raynor","$76,285.72 "
618,Foster,D'Onise,Colombia,O'Reilly Inc,"$24,940.86 "
619,Austin,McGilmartin,Russia,Jacobs Group,"$21,197.51 "
620,Yuri,Eakins,Israel,Jakubowski LLC,"$80,846.27 "
621,Eustacia,Dunbobin,Portugal,"Kautzer, Boyle and Gorczany","$44,205.50 "
622,Milka,Cavilla,China,"Hauck, Christiansen and Rath","$46,607.26 "
623,Ryley,Hinder,Brazil,Armstrong-Brekke,"$50,645.17 "
624,Yorker,Smardon,China,Yundt and Sons,"$12,433.25 "
625,Hatty,Fumagallo,Japan,Wuckert Inc,"$21,762.38 "
626,Chiquita,Valeri,Philippines,Greenfelder-Ondricka,"$75,657.54 "
627,Arvy,Message,Dominica,"Dach, Jacobson and Spinka","$59,578.62 "
628,Alyda,Stubbeley,Thailand,"McKenzie, Kuphal and Christiansen","$72,677.88 "
629,Rollie,Berston,New Caledonia,Bergnaum-Grimes,"$28,506.29 "
630,Camila,Jedrzejczak,Russia,Schmeler Inc,"$11,913.49 "
631,Dimitry,Habgood,Indonesia,D'Amore Group,"$67,710.06 "
632,Aldrich,Demaid,Sweden,Jacobson-Schoen,"$85,279.83 "
633,Kiel,Cauthra,Luxembourg,Schaefer LLC,"$10,153.48 "
634,Aridatha,Rushworth,Poland,Rau-Mraz,"$29,884.90 "
635,Elia,Schiementz,Mali,Langosh-Mosciski,"$39,066.76 "
636,Meryl,McGeaney,South Africa,Wunsch-Muller,"$80,355.73 "
637,Lyn,Moat,Mexico,"Grady, Dooley and Considine","$48,566.86 "
638,Jada,Grisley,Colombia,Daugherty and Sons,"$50,765.38 "
639,Letisha,Walles,Brazil,"Upton, Moen and Langosh","$99,980.30 "
640,Sharlene,Grouse,Cameroon,Morissette-Cummerata,"$32,661.34 "
641,Martita,Kildahl,Greece,Welch-Walsh,"$78,810.76 "
642,Ezechiel,Iddy,China,Maggio-Morar,"$30,922.59 "
643,Odelinda,McSparran,Sweden,Hansen LLC,"$31,147.27 "
644,Eilis,Gorringe,Japan,Shields and Sons,"$43,575.12 "
645,Ethe,Ybarra,United States,"Brekke, Haag and Wolf","$82,184.03 "
646,Jany,Stump,Ukraine,"Leuschke, Zulauf and Johnson","$70,397.62 "
647,Maxy,Cicero,Russia,"Reichel, Lindgren and O'Kon","$38,799.39 "
648,Wells,Charrier,Ukraine,"Ortiz, Torp and Marvin","$73,296.16 "
649,Basil,Feldberg,Thailand,Mann-Spencer,"$41,794.48 "
650,Son,Bausmann,Indonesia,Koepp Group,"$78,553.74 "
651,Ikey,Top,China,"Swaniawski, O'Conner and Mraz","$23,872.73 "
652,Zebedee,Casterot,El Salvador,Rippin Inc,"$64,806.41 "
653,Florence,Chell,Honduras,"Medhurst, Bailey and Hills","$69,980.37 "
654,Corby,Sieb,China,Mayer-Beahan,"$69,384.12 "
655,Agnella,Karleman,Russia,Runolfsdottir Group,"$33,959.09 "
656,Alvera,Chezier,Poland,Ritchie-Marvin,"$34,782.03 "
657,Aline,Iliff,Indonesia,Wiegand LLC,"$29,233.07 "
658,Ariel,Beamiss,China,"Roob, Kuphal and Homenick","$47,761.28 "
659,Georgetta,Buscher,China,Altenwerth-Koelpin,"$58,568.06 "
660,Michelina,Stockney,China,Ullrich Inc,"$47,409.09 "
661,Tye,Bartolomeu,China,O'Keefe-Kemmer,"$95,840.92 "
662,Benedetto,Weedon,China,"Osinski, Hickle and Price","$99,037.30 "
663,Ansley,Carlyle,China,Wyman LLC,"$32,788.91 "
664,Shanon,Brizell,Poland,Jast-Kutch,"$26,986.79 "
665,Alameda,Breche,Japan,"Rodriguez, Bartell and Gibson","$35,979.11 "
666,Winn,McCumesky,Finland,,"$58,112.34 "
667,Iona,Moston,China,,"$47,263.05 "
668,Celina,Mulleary,France,"Senger, Botsford and Heidenreich","$13,996.85 "
669,Ash,Crichten,United States,Adams-Schamberger,"$51,515.57 "
670,Dougy,Tuckett,Peru,Graham-O'Hara,"$30,396.17 "
671,Myrtia,Sabati,Colombia,Koss-Mosciski,"$15,653.57 "
672,Hannie,Pickworth,Honduras,Moen and Sons,"$73,296.50 "
673,Cassius,Bear,Ecuador,"O'Reilly, Kihn and O'Hara","$71,307.74 "
674,Elwin,Bedells,Brazil,Kirlin-Kulas,"$14,904.70 "
675,Richmond,Dubbin,China,Hegmann Inc,"$32,053.69 "
676,Toby,Barrass,Sweden,"Lehner, Lockman and Jast","$47,096.33 "
677,Eulalie,McGarrity,China,"Gislason, Tremblay and Cartwright","$10,409.25 "
678,Elroy,Dightham,Indonesia,Walsh LLC,"$69,235.93 "
679,Dore,Lunk,Philippines,"Lang, Marquardt and Schinner","$80,367.14 "
680,Lavena,Rubert,Egypt,"Daugherty, Ryan and Friesen","$93,728.49 "
681,Annemarie,Syce,China,"Robel, Volkman and Conn","$15,873.07 "
682,Sayres,Finlaison,United States,Hegmann-Windler,"$66,435.06 "
683,Roosevelt,Ritelli,Portugal,Ritchie Inc,"$62,222.48 "
684,Aymer,Scougall,Peru,Runolfsdottir-Schneider,"$37,170.40 "
685,Marc,Tendahl,Philippines,Stanton and Sons,"$73,745.29 "
686,Ariel,Haslegrave,France,Dickinson and Sons,"$35,246.72 "
687,Jacinda,Onions,Ireland,Rogahn-Monahan,"$93,271.87 "
688,Fay,Broad,Nicaragua,Schaden LLC,"$59,323.36 "
689,Yorker,Narbett,Indonesia,Jacobson and Sons,"$94,737.12 "
690,Alyce,Ricketts,Cuba,Schaden-Kris,"$82,136.72 "
691,Marlin,Jacobovitch,Brazil,Cormier-Towne,"$13,558.97 "
692,Nataline,Yukhnov,Peru,"Fisher, Trantow and Ullrich","$53,227.93 "
693,Rawley,Minchindon,Malawi,Jaskolski and Sons,"$50,832.15 "
694,Claudina,Chanders,Indonesia,Schiller-Bode,"$82,453.32 "
695,Eirena,Ebbings,Iraq,Wolff Group,"$63,144.64 "
696,Lola,Camplen,Russia,"Waters, Hahn and Zulauf","$20,024.52 "
697,Temple,Plues,Argentina,"Zieme, Strosin and Rodriguez","$24,958.85 "
698,Kittie,Westfalen,China,Thompson and Sons,"$31,805.00 "
699,Lemmy,Kowalik,China,"Gaylord, Yost and Weimann","$14,408.22 "
700,Gavrielle,Ions,Democratic Republic of the Congo,Bechtelar-Kris,"$78,781.85 "
701,Franciskus,Yakebowitch,China,Braun Inc,"$22,057.34 "
702,Raleigh,Dillow,Japan,Hudson and Sons,"$33,420.06 "
703,Sandor,Balderson,China,Sipes LLC,"$68,858.10 "
704,Gunar,Jenkerson,China,Leuschke-O'Hara,"$61,965.54 "
705,Goran,Braven,Netherlands,Greenholt Inc,"$89,691.17 "
706,Lizzie,Bastow,Serbia,"Senger, Lockman and Ondricka","$27,707.79 "
707,Ashby,Thomelin,Haiti,Reinger LLC,"$49,768.10 "
708,Eward,Lambersen,Malaysia,Schulist-Koss,"$40,161.42 "
709,Briggs,Mitro,Argentina,Bartell LLC,"$39,478.00 "
710,Reggie,Rikel,Switzerland,"Baumbach, Schneider and Nicolas","$62,281.63 "
711,Edythe,Wanklyn,China,Carroll Group,"$72,035.15 "
712,Randall,O'Duilleain,France,"Bashirian, Windler and Graham","$21,214.37 "
713,Norah,Arnold,Mongolia,Cummerata-Witting,"$82,744.33 "
714,Hollie,Carrane,Indonesia,"Altenwerth, Wunsch and Schaefer","$52,699.72 "
715,Jessalyn,Deschelle,Libya,"Mayert, Hilpert and Boehm","$57,335.74 "
716,Connor,Siward,Brazil,"Farrell, Mueller and Zulauf","$35,101.84 "
717,Edgardo,Wison,Saint Vincent and the Grenadines,Blick and Sons,"$88,566.23 "
718,Sollie,Crampsy,Argentina,Hauck Group,"$37,245.15 "
719,Daffy,Bonder,Philippines,"Krajcik, Williamson and Champlin","$89,635.30 "
720,Krishna,Ghelarducci,China,Dickens-Bernier,"$41,088.96 "
721,Godfry,Le Lievre,Greece,Will and Sons,"$36,191.54 "
722,Davis,Pershouse,Indonesia,"Rath, Buckridge and Jakubowski","$70,233.70 "
723,Lena,Persicke,Sweden,"Shanahan, Macejkovic and Ondricka","$65,879.07 "
724,Waylon,Churchlow,Colombia,Mante Inc,"$62,346.67 "
725,Krisha,Keilloh,Colombia,Hauck-Murray,"$57,143.02 "
726,Fitzgerald,Chantrell,Russia,"Batz, Towne and Wilderman","$47,941.35 "
727,Chicky,Portchmouth,Philippines,Gibson-Gibson,"$40,840.23 "
728,Aeriell,Mattiazzo,Poland,"Roob, Stamm and Paucek","$50,704.30 "
729,Giulio,Georghiou,Cyprus,Metz and Sons,"$13,632.10 "
730,Buffy,Preto,Argentina,Ferry-Satterfield,"$93,352.34 "
731,Griffith,Arnau,China,Kassulke Inc,"$72,229.38 "
732,Freeland,Larroway,Serbia,"Rutherford, Klein and Nader","$24,769.62 "
733,Ambrose,Barthropp,Indonesia,Schmidt Inc,"$55,693.16 "
734,Letitia,Cawthorne,China,Fahey Group,"$84,757.13 "
735,Anjela,Yegorshin,Poland,Quitzon Group,"$62,824.21 "
736,Rex,Viegas,Portugal,Abshire Group,"$56,690.55 "
737,Edythe,Carillo,Iran,Anderson Group,"$93,924.64 "
738,Case,Spadoni,Brazil,"Doyle, Jacobson and Stark","$73,211.12 "
739,Karla,Newbury,Colombia,"Gaylord, Zemlak and Schinner","$52,684.23 "
740,Winnie,Rizzello,China,Rodriguez Group,"$37,120.49 "
741,Wiatt,Lougheed,China,Olson LLC,"$18,139.00 "
742,Bill,Willoway,Canada,Ondricka Group,"$40,526.57 "
743,Mallorie,Durno,Poland,Cole and Sons,"$71,740.12 "
744,Margot,Darnell,Sweden,Conn LLC,"$76,779.49 "
745,Dalt,Bog,Poland,Mills-Gutmann,"$24,901.12 "
746,Eal,Bolduc,Indonesia,"Bechtelar, Schmitt and Braun","$32,711.92 "
747,Reyna,Bazely,Japan,McDermott and Sons,"$65,266.93 "
748,Sioux,Brightie,Japan,Upton Group,"$48,863.86 "
749,Garrik,Bryceson,Pakistan,Fisher-Schuppe,"$20,993.69 "
750,Claudette,Greatland,Ukraine,Kemmer-McKenzie,"$86,089.38 "
751,Osborne,Simanenko,Indonesia,"Kutch, Walsh and McCullough","$77,311.00 "
752,Giusto,Garnul,China,"Fritsch, Howe and Collins","$46,138.25 "
753,Cristen,Kean,Indonesia,"Nolan, Kilback and Flatley","$94,995.76 "
754,Dagny,Coltart,China,Paucek Group,"$57,298.34 "
755,Clare,Dollard,Philippines,Baumbach Group,"$52,199.04 "
756,Barbee,Staff,Indonesia,"Fadel, Bauch and Auer","$74,707.38 "
757,Deeanne,Faithorn,Indonesia,Satterfield-Goyette,"$28,015.95 "
758,Tyler,Wightman,Sudan,Pouros and Sons,"$96,070.12 "
759,Rube,Hedling,Yemen,Jones-Blanda,"$93,473.42 "
760,Doro,Shute,France,Wisoky Group,"$93,759.27 "
761,Hyacinthia,Jeffcock,Guatemala,Lehner and Sons,"$96,576.15 "
762,Bernardine,Matelyunas,Philippines,Sipes-O'Reilly,"$74,110.90 "
763,Ardeen,Northing,Netherlands,Schneider Inc,"$60,029.51 "
764,Tierney,Gavaghan,Croatia,Walter-Gulgowski,"$42,491.39 "
765,Aida,Alti,United Kingdom,"Gorczany, King and Gerlach","$82,211.25 "
766,Barnabe,Radke,Thailand,"Toy, Cole and Carter","$36,618.21 "
767,Lief,Keller,Ukraine,Rosenbaum-Pfannerstill,"$29,829.98 "
768,Humphrey,Tolfrey,Brazil,Metz and Sons,"$36,949.44 "
769,Gaultiero,Middleton,Indonesia,Bogisich-Kerluke,"$39,684.47 "
770,Michal,Carles,Portugal,"Howe, Wiza and Deckow","$41,998.93 "
771,Kimmi,Boog,Japan,O'Reilly LLC,"$17,420.98 "
772,Sonnnie,Valentetti,China,"Toy, Yundt and Russel","$89,556.79 "
773,Jemmy,Rispen,Yemen,Romaguera Group,"$94,427.88 "
774,Vale,Ellum,China,"Von, Flatley and O'Connell","$48,079.34 "
775,Feodora,Priel,Indonesia,Kessler-Williamson,"$69,865.21 "
776,Rani,Zolini,Bangladesh,"Spinka, Kassulke and Runte","$22,556.34 "
777,Ulrika,Loyns,Pakistan,Bahringer Inc,"$21,463.19 "
778,Fancy,Bourrel,Costa Rica,Mayer-Spencer,"$59,355.65 "
779,Drake,Bitcheno,Comoros,Lemke-Russel,"$35,525.98 "
780,Osborne,McParland,South Africa,Osinski and Sons,"$18,272.74 "
781,Zabrina,Choupin,Philippines,"Lang, Sipes and Littel","$56,390.73 "
782,Jeff,Milne,Portugal,Schowalter-Armstrong,"$20,956.81 "
783,Norah,Pobjay,Colombia,Gleason-Beahan,"$72,946.22 "
784,Nicky,Abramowitz,France,Koepp-Kutch,"$21,309.15 "
785,Findley,Tilne,Spain,Schulist-Lubowitz,"$37,192.55 "
786,Boone,Writer,Malaysia,Breitenberg Group,"$66,083.02 "
787,Aldridge,Moakes,China,"Bosco, Nader and Botsford","$62,838.97 "
788,Kellsie,Dybald,Russia,Greenholt Inc,"$17,491.34 "
789,Nehemiah,Devenish,Kenya,"Lebsack, Rutherford and O'Conner","$19,383.84 "
790,Friedrick,Brideaux,China,"Lakin, Bashirian and Stoltenberg","$22,417.31 "
791,Lucian,Scorah,United States,"Raynor, Beier and Nitzsche","$46,367.93 "
792,Konstantine,Bubb,Russia,"Reilly, Botsford and Hermiston","$27,142.89 "
793,Flori,Sapsford,Brazil,Lemke-Pfannerstill,"$30,872.27 "
794,Hanni,Shovelbottom,Philippines,Bernhard-Gutmann,"$41,541.59 "
795,Maximilian,Godden,Brazil,McKenzie-Collins,"$61,473.98 "
796,Judon,Dwyr,Mongolia,Swift-Murphy,"$78,177.22 "
797,Xylina,Napolione,Jamaica,Toy-Blick,"$93,752.43 "
798,Dix,Dewhurst,Paraguay,"Lind, Jacobson and Brekke","$22,112.72 "
799,Ram,Galletly,Andorra,"Kuhn, Hegmann and Lynch","$19,841.16 "
800,Wallis,Lumbers,Sweden,Gutmann-Deckow,"$28,679.30 "
801,Max,Suter,Indonesia,Upton LLC,"$84,810.51 "
802,Boigie,Bishell,Indonesia,Bailey and Sons,"$84,366.27 "
803,Orton,Arnason,China,"Klein, Ryan and Lebsack","$13,728.40 "
804,Rani,Watkiss,United States,Bashirian-Glover,"$37,602.31 "
805,Patrizio,Robiot,China,"Wilderman, Legros and Reilly","$35,316.37 "
806,Noell,Macieiczyk,New Zealand,Roberts-Adams,"$78,468.44 "
807,Titus,Mawford,China,Goodwin-Reichert,"$49,015.80 "
808,Lanni,Armer,Indonesia,Gutkowski and Sons,"$45,334.11 "
809,Adi,Holtham,Brazil,Windler-Huels,"$11,560.15 "
810,Huntington,Ebbens,Colombia,"Hyatt, Herzog and Padberg","$11,728.69 "
811,Rustie,Abate,China,Armstrong Group,"$35,749.23 "
812,Derick,Bullier,China,"Harris, Wisoky and Cassin","$98,301.75 "
813,Durante,Dillinger,Kazakhstan,Blanda LLC,"$67,197.78 "
814,Symon,Rosen,China,"Cummerata, Gerhold and Lemke","$48,183.62 "
815,Rock,Goldstraw,Indonesia,Jerde LLC,"$50,065.34 "
816,Marthena,Giorgione,China,Gusikowski Inc,"$29,215.30 "
817,Vernice,Kalinsky,Brazil,Crona-Sipes,"$44,311.49 "
818,Sile,Tuma,China,Moore-Spinka,"$60,916.23 "
819,Geordie,Bineham,Philippines,Rau Inc,"$49,631.52 "
820,Betty,Fairbrace,Czech Republic,Pollich LLC,"$33,968.20 "
821,Reinhard,Mazdon,Philippines,Larkin-Stark,"$93,694.66 "
822,Mickie,Habbes,Uruguay,Franecki-Parker,"$23,022.87 "
823,Cleveland,Bernardo,Chile,Gleichner LLC,"$46,600.67 "
824,Annabelle,Vegas,China,"Connelly, Spencer and Bartoletti","$83,841.78 "
825,Hayward,Hubner,Peru,Ledner Group,"$56,696.39 "
826,Ingunna,Unitt,France,Waelchi Inc,"$37,036.78 "
827,Morgen,Hefferan,Ukraine,Schulist-Murray,"$78,142.55 "
828,Mycah,Hatterslay,Poland,Swift-White,"$21,115.35 "
829,Eirena,Mordin,China,Kihn-Becker,"$55,360.25 "
830,Grete,Jiroutek,Poland,Kassulke-Ortiz,"$40,353.39 "
831,Gard,Collett,China,Lakin and Sons,"$89,270.81 "
832,Emmye,Castard,Spain,Flatley Group,"$98,587.93 "
833,Lanni,Bradnocke,Norway,,"$90,234.76 "
834,Amalita,Munnings,Ukraine,Jacobson-Greenfelder,"$55,536.49 "
835,Violet,Coleby,Cyprus,Pfannerstill-Leffler,"$99,689.89 "
836,Cornelia,Halshaw,Philippines,Funk-Rippin,"$53,733.61 "
837,Giulietta,Iglesiaz,Russia,Macejkovic-Friesen,"$15,008.38 "
838,Albertine,Hedworth,Indonesia,"Greenholt, Ernser and Daniel","$48,975.37 "
839,Loni,Haydney,Philippines,Waelchi Inc,"$25,956.12 "
840,Gilles,Barrett,Kenya,"Hahn, Bergnaum and Jenkins","$29,805.41 "
841,Cullie,Standbridge,Costa Rica,Rogahn-Bernier,"$89,025.39 "
842,Germain,Dannett,China,"Wintheiser, Conroy and Skiles","$99,441.37 "
843,Beulah,Patershall,Philippines,Spencer-Murazik,"$85,202.17 "
844,Enos,Van Giffen,Indonesia,Nitzsche-Stroman,"$55,081.49 "
845,Annissa,Fransinelli,Czech Republic,Schneider-Muller,"$61,701.63 "
846,Travus,Lathbury,Panama,"Leffler, Williamson and Pacocha","$79,941.99 "
847,Leontyne,Honisch,China,"Torphy, Littel and Robel","$61,568.81 "
848,Rachel,Kemell,China,Wilkinson-Braun,"$19,161.67 "
849,Scotty,Smithson,China,"Borer, Lebsack and Gleichner","$17,228.99 "
850,Casandra,Leinweber,Peru,Jenkins Inc,"$19,111.30 "
851,Jens,Dana,Central African Republic,Jacobi-Rempel,"$38,764.68 "
852,Lydon,Parell,United States,Mueller-Bartell,"$75,479.16 "
853,Jacquelin,Jennens,Indonesia,Halvorson-Hermann,"$41,947.35 "
854,Phillipp,Pattie,Sweden,Heathcote-Cremin,"$21,924.97 "
855,Monroe,Ratcliffe,China,Fadel Group,"$97,926.52 "
856,Marys,Keane,United States,Anderson and Sons,"$47,847.40 "
857,Halie,Kane,Guatemala,Collier and Sons,"$93,935.51 "
858,Harlen,Grimsdike,China,Cronin-Schaden,"$71,218.73 "
859,Vita,Overy,China,Stanton-Howe,"$29,415.33 "
860,Will,Stickels,Brazil,Jaskolski-Franecki,"$47,397.38 "
861,Shellysheldon,Allard,China,Gottlieb Inc,"$99,341.14 "
862,Bax,Whenman,Ukraine,Erdman-Larson,"$73,545.68 "
863,Darleen,Stigers,Russia,"Abshire, Wehner and Bashirian","$45,665.55 "
864,Stirling,Halden,Russia,"Wiza, Sauer and Legros","$23,337.13 "
865,Zacharias,Heustace,Philippines,"Lehner, Dickinson and Powlowski","$83,264.91 "
866,Elvira,Munehay,Indonesia,Emmerich and Sons,"$89,433.28 "
867,Douglas,Renac,Peru,Volkman and Sons,"$47,422.51 "
868,Theodor,Fradson,United States,"Bins, Hermiston and Weber","$75,157.82 "
869,Nat,Christon,Russia,Romaguera-Stracke,"$90,457.71 "
870,Kissiah,Wiz,China,"Stroman, Windler and Friesen","$18,262.96 "
871,Waldon,Offa,Indonesia,O'Keefe-Wintheiser,"$31,146.58 "
872,Norman,Wilkowski,Brazil,Bogan Group,"$24,234.81 "
873,Quinn,Hassall,Brazil,Nienow-Hoppe,"$42,707.27 "
874,Ricard,Tomasello,Indonesia,Dare-Blanda,"$87,086.00 "
875,Vania,McInulty,Belarus,Windler Inc,"$12,853.76 "
876,Ami,Klampt,Portugal,Hermann-Kris,"$60,299.13 "
877,Tannie,Dinzey,Vietnam,McDermott Group,"$57,095.48 "
878,Johna,Schimaschke,China,Emard-Langosh,"$36,953.60 "
879,Marcelo,Meecher,Indonesia,Erdman LLC,"$58,298.46 "
880,Monty,Tring,Portugal,"Green, Volkman and Willms","$91,781.33 "
881,Trudy,Blankhorn,Indonesia,"Schmidt, Wisozk and Bradtke","$27,761.01 "
882,Kriste,Ludlem,Hungary,Bahringer-Purdy,"$19,970.38 "
883,Osgood,Rodgman,China,"Thompson, Heaney and Gorczany","$45,836.54 "
884,Vachel,Lumley,Brazil,Gorczany-Hintz,"$81,200.82 "
885,Prisca,Serrier,Brazil,Weimann LLC,"$77,004.98 "
886,Bobbette,Hysom,Croatia,Kozey-Dietrich,"$47,795.61 "
887,Inez,Buxton,Democratic Republic of the Congo,Jenkins LLC,"$48,317.93 "
888,Truman,Wickes,Brazil,Champlin Group,"$75,716.16 "
889,Christoper,Okill,France,"Pollich, Dickens and Romaguera","$83,243.07 "
890,Lauree,Kinnach,Philippines,Bogisich Inc,"$79,334.94 "
891,Vincents,Gravatt,China,"Smitham, Welch and Lubowitz","$74,459.84 "
892,Gay,Matfield,Colombia,Morissette Group,"$77,691.46 "
893,Jamie,Krout,China,VonRueden Group,"$18,233.23 "
894,Clevie,Oldroyde,Pakistan,Hessel LLC,"$34,419.87 "
895,Marlena,Aleksich,Chile,Heaney Inc,"$10,038.15 "
896,Perri,Sambedge,Russia,Lueilwitz-Kuphal,"$76,203.15 "
897,Alejandro,Andor,Dominican Republic,"Kassulke, Reinger and Schiller","$28,236.33 "
898,Daron,Plett,Portugal,Rippin Inc,"$32,140.72 "
899,Keen,Pizey,Russia,Wunsch-Hammes,"$70,589.10 "
900,Bobinette,Iohananof,Guatemala,Sporer-Dicki,"$12,702.14 "
901,Raf,Havoc,Russia,"Ortiz, Wyman and Gorczany","$88,515.07 "
902,Sammy,Hellyar,China,"Kovacek, Hackett and Lang","$92,674.88 "
903,Clare,Macci,Philippines,Glover-D'Amore,"$15,554.86 "
904,Hadleigh,O'Bradane,Bulgaria,Wolf-Krajcik,"$45,602.23 "
905,Ritchie,Duddin,Poland,Goldner and Sons,"$67,896.93 "
906,Chelsae,Shickle,Sweden,Reinger-Jakubowski,"$13,833.49 "
907,Rowan,Walklate,Poland,Wolf-Feeney,"$64,575.91 "
908,Redd,Clifft,Indonesia,"McCullough, Cormier and Senger","$35,299.33 "
909,Edith,Keely,Ireland,Walter-Gerhold,"$48,427.25 "
910,Waite,Rowlstone,China,Terry-Rutherford,"$48,367.95 "
911,Malachi,Birkhead,Poland,Bailey and Sons,"$77,795.72 "
912,Andre,Juggins,Bhutan,Schaden Group,"$60,301.16 "
913,Tito,Ely,Venezuela,Leannon Inc,"$65,288.85 "
914,Aridatha,Steynor,Libya,Beer and Sons,"$63,217.05 "
915,Bobina,Shoebrook,Philippines,Tillman LLC,"$72,127.64 "
916,Katey,Bezzant,Czech Republic,Nikolaus LLC,"$90,397.06 "
917,Cele,Middleton,Poland,"Blick, DuBuque and Crooks","$79,114.45 "
918,Clemmie,Munnery,China,McLaughlin Group,"$26,184.88 "
919,Tildie,Delieu,Nicaragua,Monahan LLC,"$41,751.83 "
920,Bruis,Aitkenhead,Philippines,Goyette Inc,"$58,591.62 "
921,Margarita,Kingswood,China,Carroll-Harber,"$23,567.98 "
922,Garvey,Cristofaro,Mexico,"Rice, Baumbach and Schowalter","$25,819.49 "
923,Obed,Denys,Greece,Kunze Group,"$90,541.06 "
924,Gabie,Renahan,Poland,Vandervort-Schimmel,"$97,941.02 "
925,Jourdan,Coners,France,"Paucek, Johns and Mertz","$12,961.28 "
926,Isacco,Townrow,Russia,"Bahringer, Hermiston and Rau","$23,270.48 "
927,Armando,Corringham,Sweden,Stehr-Stroman,"$19,912.56 "
928,Sinclare,Snaddin,Panama,"Heller, Rohan and Murphy","$30,685.89 "
929,Shannah,Abdy,China,Nicolas and Sons,"$65,476.92 "
930,Kristoforo,Aggett,France,"Kuhlman, Green and Armstrong","$15,278.91 "
931,Carmelia,Bestiman,Philippines,Reichert LLC,"$20,708.59 "
932,Jo,Broadley,China,Fisher Group,"$50,692.27 "
933,Jaye,Baldcock,China,"Bode, Pfannerstill and Marvin","$85,660.94 "
934,Kahaleel,Braybrook,China,Marquardt and Sons,"$65,679.04 "
935,Blondy,Matej,Croatia,"Ziemann, Lueilwitz and Erdman","$89,514.66 "
936,Brandice,Richens,Kazakhstan,Carroll LLC,"$17,340.47 "
937,Muhammad,Hails,Portugal,"O'Hara, Miller and Reynolds","$41,527.59 "
938,Quinton,O'Dougherty,Canada,Jaskolski Group,"$49,465.34 "
939,Eula,Dirkin,Brazil,Stracke-Simonis,"$26,778.70 "
940,Roxine,Eshelby,Indonesia,"Cummings, O'Kon and Quitzon","$51,967.21 "
941,Doralia,Abells,Indonesia,"Yost, Rolfson and Pfannerstill","$97,417.05 "
942,Sashenka,Fursey,Germany,,"$74,723.46 "
943,Rene,Banks,China,Schmitt Group,"$14,676.08 "
944,Marlane,Louys,Peru,"Sporer, Hilll and Hane","$80,585.05 "
945,Joellen,Currom,Myanmar,Kuphal and Sons,"$81,176.78 "
946,Bran,Zealy,Vietnam,"Thompson, Morissette and Jerde","$44,712.22 "
947,Angela,Duerden,China,Feest-Greenholt,"$47,903.82 "
948,Betteanne,Whyler,North Korea,Waelchi-Swaniawski,"$26,852.81 "
949,Reggie,Keyden,Sweden,Luettgen-Skiles,"$14,435.80 "
950,Idaline,Mart,Nigeria,Toy LLC,"$33,552.77 "
951,Konstantine,McCaffrey,Palestinian Territory,Bogisich LLC,"$85,580.38 "
952,Katharyn,Kynaston,Sweden,Jacobs-Hamill,"$26,468.45 "
953,Helaine,Bonwick,China,"Beier, Trantow and Ratke","$36,708.56 "
954,Genevieve,Quarrington,Sri Lanka,"Hilpert, Russel and Little","$46,669.28 "
955,Janna,Burt,Poland,Wisoky LLC,"$73,519.20 "
956,Salomon,Nurse,China,Funk-Ankunding,"$20,292.45 "
957,Rodolph,Dehm,China,Schroeder-Blick,"$90,370.20 "
958,Jobyna,Gorsse,Indonesia,Legros Group,"$70,290.00 "
959,Biron,Arthur,Palestinian Territory,Bogan-Bergnaum,"$97,571.21 "
960,Eulalie,Pechacek,Russia,"Harris, Schinner and Halvorson","$76,921.51 "
961,Webb,Gold,Sweden,"Lang, Gusikowski and Herzog","$81,252.31 "
962,Oona,Daughtry,Philippines,Huel-Mraz,"$72,713.62 "
963,Stepha,Begent,Azerbaijan,Swaniawski-Zemlak,"$77,779.94 "
964,Jocelin,Casewell,China,Dibbert-Hodkiewicz,"$75,587.43 "
965,Leonard,Garland,Russia,Langosh Group,"$88,066.71 "
966,Ethelda,Sleney,Poland,O'Conner LLC,"$44,078.02 "
967,Jasmina,Roch,Panama,Kuphal Group,"$74,086.04 "
968,Sigvard,Pietri,Reunion,Gottlieb-Turner,"$18,389.00 "
969,Janet,Gurton,Angola,Wolf-Reynolds,"$57,857.88 "
970,Toby,Cleal,Malaysia,Gorczany-Effertz,"$23,877.44 "
971,Desdemona,Bourhill,China,Dibbert LLC,"$92,484.24 "
972,Laura,Shovell,China,Bernhard-Braun,"$61,922.73 "
973,Hyatt,Canacott,Russia,"Heaney, Turner and Schultz","$19,213.44 "
974,Agata,McAne,China,Stehr-Goodwin,"$34,827.11 "
975,Duane,Coleiro,Morocco,"Effertz, Wisozk and Bailey","$54,454.93 "
976,Janessa,De Atta,Poland,"Wilderman, Koch and Lynch","$10,121.90 "
977,Rodd,Sauniere,China,Bechtelar-Abernathy,"$55,899.15 "
978,Giraldo,Duran,Indonesia,Macejkovic Inc,"$85,453.01 "
979,Danica,Scottrell,Philippines,Hessel-Hayes,"$55,457.34 "
980,Corry,Ughelli,Indonesia,Pollich-Ernser,"$41,578.10 "
981,Drusy,Meeny,North Korea,"Sipes, Spinka and Russel","$72,141.01 "
982,Silvanus,Mannion,China,Leannon-Howell,"$49,685.31 "
983,Tadio,Woodward,Indonesia,Borer-Hoeger,"$39,787.62 "
984,Vernor,Blackmuir,China,Carroll-Hyatt,"$16,297.65 "
985,Miof mela,Boyet,Indonesia,Oberbrunner Inc,"$55,705.62 "
986,Sidonia,Di Carlo,China,Boyer-Mosciski,"$97,831.38 "
987,Valentin,Riddel,Czech Republic,Langosh LLC,"$98,004.32 "
988,Averyl,Gilkes,China,Mante-Wisozk,"$82,141.13 "
989,Raychel,Maggorini,China,Langosh-Parker,"$71,097.62 "
990,Myrvyn,Ast,Papua New Guinea,Kunze-Predovic,"$54,464.34 "
991,Weber,Benedite,Mexico,Ledner Group,"$54,377.02 "
992,Merralee,Duham,Democratic Republic of the Congo,"Stanton, Kuhn and Lubowitz","$84,487.40 "
993,Anya,Thing,Philippines,Macejkovic LLC,"$24,446.96 "
994,Ax,Spandley,Armenia,Hahn-Cole,"$53,009.10 "
995,Hertha,Minucci,Indonesia,Borer-Bergnaum,"$77,375.21 "
996,Jordana,Frew,China,Swaniawski-Doyle,"$87,845.05 "
997,Alyss,Guiett,Bahamas,"Lynch, Feeney and Huel","$51,882.28 "
998,Melina,Lathy,Philippines,,"$73,489.05 "
999,Baxie,Toombs,Bahamas,Wilkinson-Wolf,"$11,895.33 "
1000,Christin,Dumbarton,Mayotte,Stanton and Sons,"$25,054.68 "
